{"scibert_sentibert": {"train_loss": [0.7625920107945162], "train_acc": [0.7994943908990362], "train_micro_f1": [0.7993181943893433], "train_macro_f1": [0.33588293194770813], "test_loss": [0.7498851371052442], "test_acc": [0.801010739102969], "test_micro_f1": [0.8001861572265625], "test_macro_f1": [0.29612791538238525]}}